model,Accuracy
CNN,0.9953741431236267
Mobilenet,0.9729251861572266